0,0,0,0,0-0,0,/img/error.jpg
1, George, , Washington, 1789-1797, Independent,/img/washington.jpg
2, John, , Adams, 1797-1801, Federalist,/img/adams.jpg,As a young boy
3, Thomas, , Jefferson, 1801-1809, Democratic-Republican,/img/jefferson.jpg
4, James, , Madison, 1809-1817, Democratic-Republican,/img/madison.jpg
5, James, , Monroe, 1817-1825, Democratic-Republican,/img/monroe.gif
6, John, Quincy, Adams, 1825-1829, Democratic-Republican,/img/quincyadams.jpg
7, Andrew, , Jackson, 1829-1837, Democrat,/img/jackson.jpg
8, Martin, , Van Buren, 1837-1841, Democrat,/img/vanburen.jpg
9, William, Henry, Harrison, 1841-1841, Whig,/img/harrison.jpg
10, John, , Tyler, 1841-1845, Whig,/img/tyler.jpg
11, James, Knox, Polk, 1845-1849, Democrat,/img/polk.jpg
12, Zachary, , Taylor, 1849-1850, Whig,/img/taylor.jpg
13, Millard, , Fillmore, 1850-1853, Whig,/img/fillmore.jpg
14, Franklin, , Pierce, 1853-1857, Democrat,/img/pierce.jpg
15, James, , Buchanan, 1857-1861, Democrat,/img/buchanan.jpg
16, Abraham, , Lincoln, 1861-1865, Republican,/img/lincoln.png
17, Andrew, , Johnson, 1865-1869, Democrat,/img/johnson.jpg
18, Ulysses, Simpson, Grant, 1869-1877, Republican,/img/grant.jpg
19, Rutherford, Birchard, Hayes, 1877-1881, Republican,/img/hayes.jpg
20, James, Abram, Garfield, 1881-1881, Republican,/img/garfield.jpg
21, Chester, Alan, Arthur, 1881-1885, Republican,/img/arthur.jpg
22, Grover, , Cleveland, 1885-1889, Democrat,/img/cleveland.png
23, Benjamin, , Harrison, 1889-1893, Republican,/img/harrison.jpg
24, Grover, , Cleveland, 1893-1897, Democrat,/img/cleveland.png
25, William, , McKinley, 1897-1901, Republican,/img/mckinley.jpg
26, Theodore, , Roosevelt, 1901-1909, Republican,/img/teddyroosevelt.jpg
27, William, Howard, Taft, 1909-1913, Republican,/img/taft.jpg
28, Woodrow, , Wilson, 1913-1921, Democrat,/img/wilson.jpg
29, Warren, Gamaliel, Harding, 1921-1923, Republican,/img/harding.jpg
30, Calvin, , Coolidge, 1923-1929, Republican,/img/coolidge.jpg
31, Herbert, Clark, Hoover, 1929-1933, Republican,/img/hoover.jpg
32, Franklin, Delano, Roosevelt, 1933-1945, Democrat,/img/fdr.jpg
33, Harry, S, Truman, 1945-1953, Democrat,/img/truman.jpg
34, Dwight, David, Eisenhower, 1953-1961, Republican,/img/eisenhower.jpg
35, John, Fitzgerald, Kennedy, 1961-1963, Democrat,/img/jfk.jpg
36, Lyndon, Baines, Johnson, 1963-1969, Democrat,/img/lbj.jpg
37, Richard, Milhous, Nixon, 1969-1974, Republican,/img/nixon.jpg
38, Gerald, Rudolph, Ford, 1974-1977, Republican,/img/ford.jpg
39, James, Earl, Carter, 1977-1981, Democrat,/img/carter.jpg
40, Ronald, Wilson, Reagan, 1981-1989, Republican,/img/reagan.jpg
41, George, Herbert-Walker, Bush, 1989-1993, Republican,/img/ghwbush.jpg
42, William, Jefferson, Clinton, 1993-2001, Democrat,/img/clinton.jpg
43, George, Walker, Bush, 2001-2009, Republican,/img/gwbush.jpeg
44, Barack, Hussein, Obama, 2009-2016, Democrat,/img/obama.jpg
